<?xml version="1.0" encoding="UTF-8"?>
<project-private xmlns="http://www.netbeans.org/ns/project-private/1">
    <editor-bookmarks xmlns="http://www.netbeans.org/ns/editor-bookmarks/2" lastBookmarkId="0"/>
    <open-files xmlns="http://www.netbeans.org/ns/projectui-open-files/2">
        <group>
            <file>file:/C:/Users/Angelo/Downloads/Escuela/8VO.%20SEMESTRE/Desarrollo%20de%20Aplicaciones%20Empresariales/EjemploSessionBean/EjemploSessionBean-war/web/index.jsp</file>
            <file>file:/C:/Users/Angelo/Downloads/Escuela/8VO.%20SEMESTRE/Desarrollo%20de%20Aplicaciones%20Empresariales/EjemploSessionBean/EjemploSessionBean-war/src/java/beans/CarritoBean.java</file>
            <file>file:/C:/Users/Angelo/Downloads/Escuela/8VO.%20SEMESTRE/Desarrollo%20de%20Aplicaciones%20Empresariales/EjemploSessionBean/EjemploSessionBean-war/src/java/servlets/CarritoServlet.java</file>
            <file>file:/C:/Users/Angelo/Downloads/Escuela/8VO.%20SEMESTRE/Desarrollo%20de%20Aplicaciones%20Empresariales/EjemploSessionBean/EjemploSessionBean-war/web/files/css/propio.css</file>
        </group>
    </open-files>
</project-private>
